{"paulis": [{"label": "IIIIIIII", "coeff": {"real": -13.659397921999895, "imag": 0.0}}, {"label": "IIIIIIIZ", "coeff": {"real": 2.0921360140933563, "imag": 0.0}}, {"label": "IIIIIZII", "coeff": {"real": 0.010213466406620445, "imag": 0.0}}, {"label": "IIIIIYZY", "coeff": {"real": -0.6403821431519329, "imag": 0.0}}, {"label": "IIIIIXZX", "coeff": {"real": -0.6403821431519331, "imag": 0.0}}, {"label": "IIIIIIZI", "coeff": {"real": 2.092135969204294, "imag": 0.0}}, {"label": "IIIIZIII", "coeff": {"real": 0.01021351129568782, "imag": 0.0}}, {"label": "IIIIYZYI", "coeff": {"real": -0.6403822161205153, "imag": 0.0}}, {"label": "IIIIXZXI", "coeff": {"real": -0.6403822161205156, "imag": 0.0}}, {"label": "IIIZIIII", "coeff": {"real": 2.092136014093355, "imag": 0.0}}, {"label": "IZIIIIII", "coeff": {"real": 0.010213466406620434, "imag": 0.0}}, {"label": "IYZYIIII", "coeff": {"real": -0.6403821431519329, "imag": 0.0}}, {"label": "IXZXIIII", "coeff": {"real": -0.640382143151933, "imag": 0.0}}, {"label": "IIZIIIII", "coeff": {"real": 2.092135969204294, "imag": 0.0}}, {"label": "ZIIIIIII", "coeff": {"real": 0.010213511295687696, "imag": 0.0}}, {"label": "YZYIIIII", "coeff": {"real": -0.6403822161205153, "imag": 0.0}}, {"label": "XZXIIIII", "coeff": {"real": -0.6403822161205159, "imag": 0.0}}, {"label": "IIIIIIZZ", "coeff": {"real": 0.13870596011250666, "imag": 0.0}}, {"label": "IIIIIZZI", "coeff": {"real": 0.017093726736892162, "imag": 0.0}}, {"label": "IIIIIYIY", "coeff": {"real": -0.048692933562699395, "imag": 0.0}}, {"label": "IIIIIXIX", "coeff": {"real": -0.048692933562699395, "imag": 0.0}}, {"label": "IIIIZIIZ", "coeff": {"real": 0.017093730570774415, "imag": 0.0}}, {"label": "IIIIZZII", "coeff": {"real": 0.0021065825798248215, "imag": 0.0}}, {"label": "IIIIZYZY", "coeff": {"real": -0.006000779536411294, "imag": 0.0}}, {"label": "IIIIZXZX", "coeff": {"real": -0.006000779536411295, "imag": 0.0}}, {"label": "IIIIYZYZ", "coeff": {"real": -0.04869293902326883, "imag": 0.0}}, {"label": "IIIIYIYI", "coeff": {"real": -0.006000778863466215, "imag": 0.0}}, {"label": "IIIIYXXY", "coeff": {"real": 0.017093728653833372, "imag": 0.0}}, {"label": "IIIIYYXX", "coeff": {"real": -0.017093728653833212, "imag": 0.0}}, {"label": "IIIIXZXZ", "coeff": {"real": -0.04869293902326882, "imag": 0.0}}, {"label": "IIIIXIXI", "coeff": {"real": -0.006000778863466209, "imag": 0.0}}, {"label": "IIIIXXYY", "coeff": {"real": -0.017093728653833212, "imag": 0.0}}, {"label": "IIIIXYYX", "coeff": {"real": 0.017093728653833372, "imag": 0.0}}, {"label": "IIIZIIIZ", "coeff": {"real": 1.3870596352575053, "imag": 0.0}}, {"label": "IIIZIZII", "coeff": {"real": 0.17093727157530653, "imag": 0.0}}, {"label": "IIIZIYZY", "coeff": {"real": -0.4869293476092383, "imag": 0.0}}, {"label": "IIIZIXZX", "coeff": {"real": -0.48692934760923823, "imag": 0.0}}, {"label": "IZIIIIIZ", "coeff": {"real": 0.17093727157530647, "imag": 0.0}}, {"label": "IZIIIZII", "coeff": {"real": 0.021065821591863713, "imag": 0.0}}, {"label": "IZIIIYZY", "coeff": {"real": -0.06000778338186944, "imag": 0.0}}, {"label": "IZIIIXZX", "coeff": {"real": -0.06000778338186945, "imag": 0.0}}, {"label": "IYZYIIIZ", "coeff": {"real": -0.48692934760923834, "imag": 0.0}}, {"label": "IYZYIZII", "coeff": {"real": -0.060007783381869434, "imag": 0.0}}, {"label": "IYZYIYZY", "coeff": {"real": 0.17093727157530653, "imag": 0.0}}, {"label": "IYZYIXZX", "coeff": {"real": 0.17093727157530653, "imag": 0.0}}, {"label": "IXZXIIIZ", "coeff": {"real": -0.48692934760923834, "imag": 0.0}}, {"label": "IXZXIZII", "coeff": {"real": -0.06000778338186942, "imag": 0.0}}, {"label": "IXZXIYZY", "coeff": {"real": 0.17093727157530653, "imag": 0.0}}, {"label": "IXZXIXZX", "coeff": {"real": 0.17093727157530653, "imag": 0.0}}, {"label": "IIZIIIIZ", "coeff": {"real": 0.5548238404500271, "imag": 0.0}}, {"label": "IIZIIZII", "coeff": {"real": 0.06837490694756895, "imag": 0.0}}, {"label": "IIZIIYZY", "coeff": {"real": -0.19477173425079775, "imag": 0.0}}, {"label": "IIZIIXZX", "coeff": {"real": -0.19477173425079777, "imag": 0.0}}, {"label": "ZIIIIIIZ", "coeff": {"real": 0.06837492228309788, "imag": 0.0}}, {"label": "ZIIIIZII", "coeff": {"real": 0.00842633031929917, "imag": 0.0}}, {"label": "ZIIIIYZY", "coeff": {"real": -0.02400311814564501, "imag": 0.0}}, {"label": "ZIIIIXZX", "coeff": {"real": -0.02400311814564501, "imag": 0.0}}, {"label": "YZYIIIIZ", "coeff": {"real": -0.1947717560930756, "imag": 0.0}}, {"label": "YZYIIZII", "coeff": {"real": -0.024003115453864736, "imag": 0.0}}, {"label": "YZYIIYZY", "coeff": {"real": 0.068374914615333, "imag": 0.0}}, {"label": "YZYIIXZX", "coeff": {"real": 0.06837491461533299, "imag": 0.0}}, {"label": "XZXIIIIZ", "coeff": {"real": -0.1947717560930756, "imag": 0.0}}, {"label": "XZXIIZII", "coeff": {"real": -0.024003115453864667, "imag": 0.0}}, {"label": "XZXIIYZY", "coeff": {"real": 0.06837491461533297, "imag": 0.0}}, {"label": "XZXIIXZX", "coeff": {"real": 0.06837491461533296, "imag": 0.0}}, {"label": "IIYYIIYY", "coeff": {"real": 0.41611788033752045, "imag": 0.0}}, {"label": "IIYYIXXI", "coeff": {"real": 0.14607880068809861, "imag": 0.0}}, {"label": "IXXIIIYY", "coeff": {"real": 0.14607880068809861, "imag": 0.0}}, {"label": "IXXIIXXI", "coeff": {"real": 0.051281180210676694, "imag": 0.0}}, {"label": "IIYYYZZY", "coeff": {"real": 0.14607881706980677, "imag": 0.0}}, {"label": "IIYYYYII", "coeff": {"real": 0.05128118596149981, "imag": 0.0}}, {"label": "IXXIYZZY", "coeff": {"real": 0.0512811859614998, "imag": 0.0}}, {"label": "IXXIYYII", "coeff": {"real": 0.018002336590398613, "imag": 0.0}}, {"label": "YZZYIIYY", "coeff": {"real": 0.14607881706980672, "imag": 0.0}}, {"label": "YZZYIXXI", "coeff": {"real": 0.05128118596149978, "imag": 0.0}}, {"label": "YYIIIIYY", "coeff": {"real": 0.05128118596149978, "imag": 0.0}}, {"label": "YYIIIXXI", "coeff": {"real": 0.018002336590398602, "imag": 0.0}}, {"label": "YZZYYZZY", "coeff": {"real": 0.05128119171232345, "imag": 0.0}}, {"label": "YZZYYYII", "coeff": {"real": 0.01800233860923378, "imag": 0.0}}, {"label": "YYIIYZZY", "coeff": {"real": 0.018002338609233778, "imag": 0.0}}, {"label": "YYIIYYII", "coeff": {"real": 0.006319747739474376, "imag": 0.0}}, {"label": "IIXXIIYY", "coeff": {"real": 0.41611788033752045, "imag": 0.0}}, {"label": "IIXXIXXI", "coeff": {"real": 0.14607880068809861, "imag": 0.0}}, {"label": "IYYIIIYY", "coeff": {"real": 0.1460788006880986, "imag": 0.0}}, {"label": "IYYIIXXI", "coeff": {"real": 0.051281180210676694, "imag": 0.0}}, {"label": "IIXXYZZY", "coeff": {"real": 0.14607881706980677, "imag": 0.0}}, {"label": "IIXXYYII", "coeff": {"real": 0.05128118596149981, "imag": 0.0}}, {"label": "IYYIYZZY", "coeff": {"real": 0.0512811859614998, "imag": 0.0}}, {"label": "IYYIYYII", "coeff": {"real": 0.018002336590398616, "imag": 0.0}}, {"label": "XZZXIIYY", "coeff": {"real": 0.14607881706980666, "imag": 0.0}}, {"label": "XZZXIXXI", "coeff": {"real": 0.05128118596149978, "imag": 0.0}}, {"label": "XXIIIIYY", "coeff": {"real": 0.051281185961499776, "imag": 0.0}}, {"label": "XXIIIXXI", "coeff": {"real": 0.018002336590398592, "imag": 0.0}}, {"label": "XZZXYZZY", "coeff": {"real": 0.05128119171232347, "imag": 0.0}}, {"label": "XZZXYYII", "coeff": {"real": 0.018002338609233764, "imag": 0.0}}, {"label": "XXIIYZZY", "coeff": {"real": 0.018002338609233767, "imag": 0.0}}, {"label": "XXIIYYII", "coeff": {"real": 0.0063197477394743885, "imag": 0.0}}, {"label": "IIYYIIXX", "coeff": {"real": 0.41611788033752045, "imag": 0.0}}, {"label": "IIYYIYYI", "coeff": {"real": 0.14607880068809856, "imag": 0.0}}, {"label": "IXXIIIXX", "coeff": {"real": 0.14607880068809861, "imag": 0.0}}, {"label": "IXXIIYYI", "coeff": {"real": 0.051281180210676694, "imag": 0.0}}, {"label": "IIYYXZZX", "coeff": {"real": 0.1460788170698068, "imag": 0.0}}, {"label": "IIYYXXII", "coeff": {"real": 0.051281185961499796, "imag": 0.0}}, {"label": "IXXIXZZX", "coeff": {"real": 0.051281185961499796, "imag": 0.0}}, {"label": "IXXIXXII", "coeff": {"real": 0.018002336590398613, "imag": 0.0}}, {"label": "YZZYIIXX", "coeff": {"real": 0.14607881706980672, "imag": 0.0}}, {"label": "YZZYIYYI", "coeff": {"real": 0.05128118596149978, "imag": 0.0}}, {"label": "YYIIIIXX", "coeff": {"real": 0.05128118596149978, "imag": 0.0}}, {"label": "YYIIIYYI", "coeff": {"real": 0.018002336590398602, "imag": 0.0}}, {"label": "YZZYXZZX", "coeff": {"real": 0.05128119171232344, "imag": 0.0}}, {"label": "YZZYXXII", "coeff": {"real": 0.018002338609233778, "imag": 0.0}}, {"label": "YYIIXZZX", "coeff": {"real": 0.018002338609233774, "imag": 0.0}}, {"label": "YYIIXXII", "coeff": {"real": 0.006319747739474377, "imag": 0.0}}, {"label": "IIXXIIXX", "coeff": {"real": 0.41611788033752045, "imag": 0.0}}, {"label": "IIXXIYYI", "coeff": {"real": 0.14607880068809856, "imag": 0.0}}, {"label": "IYYIIIXX", "coeff": {"real": 0.1460788006880986, "imag": 0.0}}, {"label": "IYYIIYYI", "coeff": {"real": 0.051281180210676694, "imag": 0.0}}, {"label": "IIXXXZZX", "coeff": {"real": 0.1460788170698068, "imag": 0.0}}, {"label": "IIXXXXII", "coeff": {"real": 0.051281185961499796, "imag": 0.0}}, {"label": "IYYIXZZX", "coeff": {"real": 0.051281185961499796, "imag": 0.0}}, {"label": "IYYIXXII", "coeff": {"real": 0.018002336590398613, "imag": 0.0}}, {"label": "XZZXIIXX", "coeff": {"real": 0.14607881706980666, "imag": 0.0}}, {"label": "XZZXIYYI", "coeff": {"real": 0.051281185961499776, "imag": 0.0}}, {"label": "XXIIIIXX", "coeff": {"real": 0.051281185961499776, "imag": 0.0}}, {"label": "XXIIIYYI", "coeff": {"real": 0.0180023365903986, "imag": 0.0}}, {"label": "XZZXXZZX", "coeff": {"real": 0.05128119171232346, "imag": 0.0}}, {"label": "XZZXXXII", "coeff": {"real": 0.018002338609233764, "imag": 0.0}}, {"label": "XXIIXZZX", "coeff": {"real": 0.018002338609233764, "imag": 0.0}}, {"label": "XXIIXXII", "coeff": {"real": 0.006319747739474389, "imag": 0.0}}, {"label": "IIIZIIZI", "coeff": {"real": 0.5548238404500271, "imag": 0.0}}, {"label": "IZIIIIZI", "coeff": {"real": 0.06837490694756893, "imag": 0.0}}, {"label": "IYZYIIZI", "coeff": {"real": -0.19477173425079783, "imag": 0.0}}, {"label": "IXZXIIZI", "coeff": {"real": -0.1947717342507978, "imag": 0.0}}, {"label": "IIIZZIII", "coeff": {"real": 0.06837492228309783, "imag": 0.0}}, {"label": "IZIIZIII", "coeff": {"real": 0.008426330319299175, "imag": 0.0}}, {"label": "IYZYZIII", "coeff": {"real": -0.024003118145645028, "imag": 0.0}}, {"label": "IXZXZIII", "coeff": {"real": -0.024003118145645035, "imag": 0.0}}, {"label": "IIIZYZYI", "coeff": {"real": -0.1947717560930755, "imag": 0.0}}, {"label": "IZIIYZYI", "coeff": {"real": -0.024003115453864743, "imag": 0.0}}, {"label": "IYZYYZYI", "coeff": {"real": 0.06837491461533303, "imag": 0.0}}, {"label": "IXZXYZYI", "coeff": {"real": 0.06837491461533302, "imag": 0.0}}, {"label": "IIIZXZXI", "coeff": {"real": -0.19477175609307548, "imag": 0.0}}, {"label": "IZIIXZXI", "coeff": {"real": -0.02400311545386471, "imag": 0.0}}, {"label": "IYZYXZXI", "coeff": {"real": 0.06837491461533303, "imag": 0.0}}, {"label": "IXZXXZXI", "coeff": {"real": 0.06837491461533302, "imag": 0.0}}, {"label": "IIZIIIZI", "coeff": {"real": 1.3870595669926324, "imag": 0.0}}, {"label": "IIZIZIII", "coeff": {"real": 0.17093730150135936, "imag": 0.0}}, {"label": "IIZIYZYI", "coeff": {"real": -0.4869293782504428, "imag": 0.0}}, {"label": "IIZIXZXI", "coeff": {"real": -0.48692937825044325, "imag": 0.0}}, {"label": "ZIIIIIZI", "coeff": {"real": 0.17093730150135944, "imag": 0.0}}, {"label": "ZIIIZIII", "coeff": {"real": 0.021065830004633107, "imag": 0.0}}, {"label": "ZIIIYZYI", "coeff": {"real": -0.060007800616906144, "imag": 0.0}}, {"label": "ZIIIXZXI", "coeff": {"real": -0.06000780061690615, "imag": 0.0}}, {"label": "YZYIIIZI", "coeff": {"real": -0.48692937825044563, "imag": 0.0}}, {"label": "YZYIZIII", "coeff": {"real": -0.06000780061690615, "imag": 0.0}}, {"label": "YZYIYZYI", "coeff": {"real": 0.1709373015013595, "imag": 0.0}}, {"label": "YZYIXZXI", "coeff": {"real": 0.17093730150135952, "imag": 0.0}}, {"label": "XZXIIIZI", "coeff": {"real": -0.4869293782504459, "imag": 0.0}}, {"label": "XZXIZIII", "coeff": {"real": -0.06000780061690611, "imag": 0.0}}, {"label": "XZXIYZYI", "coeff": {"real": 0.17093730150135952, "imag": 0.0}}, {"label": "XZXIXZXI", "coeff": {"real": 0.17093730150135958, "imag": 0.0}}, {"label": "IIZZIIII", "coeff": {"real": 0.13870596011250677, "imag": 0.0}}, {"label": "IZZIIIII", "coeff": {"real": 0.017093726736892172, "imag": 0.0}}, {"label": "IYIYIIII", "coeff": {"real": -0.04869293356269941, "imag": 0.0}}, {"label": "IXIXIIII", "coeff": {"real": -0.0486929335626994, "imag": 0.0}}, {"label": "ZIIZIIII", "coeff": {"real": 0.017093730570774426, "imag": 0.0}}, {"label": "ZZIIIIII", "coeff": {"real": 0.002106582579824825, "imag": 0.0}}, {"label": "ZYZYIIII", "coeff": {"real": -0.006000779536411291, "imag": 0.0}}, {"label": "ZXZXIIII", "coeff": {"real": -0.0060007795364112925, "imag": 0.0}}, {"label": "YZYZIIII", "coeff": {"real": -0.04869293902326885, "imag": 0.0}}, {"label": "YIYIIIII", "coeff": {"real": -0.006000778863466219, "imag": 0.0}}, {"label": "YXXYIIII", "coeff": {"real": 0.01709372865383337, "imag": 0.0}}, {"label": "YYXXIIII", "coeff": {"real": -0.017093728653833205, "imag": 0.0}}, {"label": "XZXZIIII", "coeff": {"real": -0.04869293902326885, "imag": 0.0}}, {"label": "XIXIIIII", "coeff": {"real": -0.006000778863466204, "imag": 0.0}}, {"label": "XXYYIIII", "coeff": {"real": -0.017093728653833202, "imag": 0.0}}, {"label": "XYYXIIII", "coeff": {"real": 0.017093728653833358, "imag": 0.0}}]}